[{"line":2,"elements":[{"start_timestamp":"2023-12-09T06:10:18.570Z","line":5,"name":"As a user, I should be able to log in using correct registered data","description":"","id":"checkout;as-a-user--i-should-be-able-to-log-in-using-correct-registered-data","type":"scenario","keyword":"Scenario","steps":[{"result":{"duration":834536000,"status":"passed"},"line":6,"name":"user navigate to url \"https://www.saucedemo.com/\"","match":{"arguments":[{"val":"\"https://www.saucedemo.com/\"","offset":21}],"location":"Challenge.binar.steps.commonStep.navigateToUrl(java.lang.String)"},"keyword":"Given "},{"result":{"duration":589931100,"status":"passed"},"line":7,"name":"user login using \"standard user\"","match":{"arguments":[{"val":"\"standard user\"","offset":17}],"location":"Challenge.binar.steps.loginStep.loginAs(java.lang.String)"},"keyword":"When "},{"result":{"duration":289448400,"status":"passed"},"line":8,"name":"user click Add To Cart button on product","match":{"location":"Challenge.binar.steps.checkoutStep.user_click_Add_To_Cart()"},"keyword":"* "},{"result":{"duration":662208500,"status":"passed"},"line":9,"name":"user do checkout","match":{"location":"Challenge.binar.steps.checkoutStep.user_do_checkout()"},"keyword":"* "},{"result":{"duration":120525100,"status":"passed"},"line":10,"name":"verify checkout successfully","match":{"location":"Challenge.binar.steps.checkoutStep.verify_checkout_successfully()"},"keyword":"Then "},{"result":{"duration":214256000,"status":"passed"},"line":11,"name":"user take screenshot \"user-checkout-successfully\"","match":{"arguments":[{"val":"\"user-checkout-successfully\"","offset":21}],"location":"Challenge.binar.steps.commonStep.userTakeScreenshot(java.lang.String)"},"keyword":"* "}],"tags":[{"name":"@checkout"},{"name":"@checkout"}]}],"name":"Checkout","description":"","id":"checkout","keyword":"Feature","uri":"file:src/test/java/Challenge/binar/features/checkoutProdcut.feature","tags":[{"name":"@checkout","type":"Tag","location":{"line":1,"column":1}}]},{"line":2,"elements":[{"start_timestamp":"2023-12-09T06:10:22.529Z","line":5,"name":"As a user, I should be able to log in using correct registered data","description":"","id":"login;as-a-user--i-should-be-able-to-log-in-using-correct-registered-data","type":"scenario","keyword":"Scenario","steps":[{"result":{"duration":586060600,"status":"passed"},"line":6,"name":"user navigate to url \"https://www.saucedemo.com/\"","match":{"arguments":[{"val":"\"https://www.saucedemo.com/\"","offset":21}],"location":"Challenge.binar.steps.commonStep.navigateToUrl(java.lang.String)"},"keyword":"Given "},{"result":{"duration":460139400,"status":"passed"},"line":7,"name":"user login using \"standard user\"","match":{"arguments":[{"val":"\"standard user\"","offset":17}],"location":"Challenge.binar.steps.loginStep.loginAs(java.lang.String)"},"keyword":"When "},{"result":{"duration":108366000,"status":"passed"},"line":8,"name":"user direct to dashboard screen","match":{"location":"Challenge.binar.steps.loginStep.userDirectToDashboardScreen()"},"keyword":"Then "},{"result":{"duration":245666300,"status":"passed"},"line":9,"name":"user take screenshot \"user-login-successfully\"","match":{"arguments":[{"val":"\"user-login-successfully\"","offset":21}],"location":"Challenge.binar.steps.commonStep.userTakeScreenshot(java.lang.String)"},"keyword":"* "}],"tags":[{"name":"@login"},{"name":"@login"}]},{"start_timestamp":"2023-12-09T06:10:24.985Z","line":20,"name":"As a user, I should be able to log in using correct registered data","description":"","id":"login;as-a-user--i-should-be-able-to-log-in-using-correct-registered-data;;2","type":"scenario","keyword":"Scenario Outline","steps":[{"result":{"duration":807891800,"status":"passed"},"line":13,"name":"user navigate to url \"https://www.saucedemo.com/\"","match":{"arguments":[{"val":"\"https://www.saucedemo.com/\"","offset":21}],"location":"Challenge.binar.steps.commonStep.navigateToUrl(java.lang.String)"},"keyword":"Given "},{"result":{"duration":462027800,"status":"passed"},"line":14,"name":"user login using \"locked out user\"","match":{"arguments":[{"val":"\"locked out user\"","offset":17}],"location":"Challenge.binar.steps.loginStep.loginAs(java.lang.String)"},"keyword":"When "},{"result":{"duration":43893800,"status":"passed"},"line":15,"name":"error alert exist with value \"Epic sadface: Sorry, this user has been locked out.\"","match":{"arguments":[{"val":"\"Epic sadface: Sorry, this user has been locked out.\"","offset":29}],"location":"Challenge.binar.steps.loginStep.errorAlertExist(java.lang.String)"},"keyword":"Then "},{"result":{"duration":145115500,"status":"passed"},"line":16,"name":"user take screenshot \"user-login-successfully\"","match":{"arguments":[{"val":"\"user-login-successfully\"","offset":21}],"location":"Challenge.binar.steps.commonStep.userTakeScreenshot(java.lang.String)"},"keyword":"* "}],"tags":[{"name":"@login"},{"name":"@login"}]}],"name":"Login","description":"","id":"login","keyword":"Feature","uri":"file:src/test/java/Challenge/binar/features/login.feature","tags":[{"name":"@login","type":"Tag","location":{"line":1,"column":1}}]},{"line":2,"elements":[{"start_timestamp":"2023-12-09T06:10:27.509Z","line":5,"name":"As a user, I should be able to log in using correct registered data","description":"","id":"checkout;as-a-user--i-should-be-able-to-log-in-using-correct-registered-data","type":"scenario","keyword":"Scenario","steps":[{"result":{"duration":758291500,"status":"passed"},"line":6,"name":"user navigate to url \"https://www.saucedemo.com/\"","match":{"arguments":[{"val":"\"https://www.saucedemo.com/\"","offset":21}],"location":"Challenge.binar.steps.commonStep.navigateToUrl(java.lang.String)"},"keyword":"Given "},{"result":{"duration":443342700,"status":"passed"},"line":7,"name":"user login using \"standard user\"","match":{"arguments":[{"val":"\"standard user\"","offset":17}],"location":"Challenge.binar.steps.loginStep.loginAs(java.lang.String)"},"keyword":"When "},{"result":{"duration":181116500,"status":"passed"},"line":8,"name":"user select filter price high to low","match":{"location":"Challenge.binar.steps.sortingStep.user_select_filter()"},"keyword":"* "},{"result":{"duration":131785400,"status":"passed"},"line":9,"name":"compare first product price with second product price","match":{"location":"Challenge.binar.steps.sortingStep.compare_product_price()"},"keyword":"Then "},{"result":{"duration":197434200,"status":"passed"},"line":10,"name":"user take screenshot \"user-sorting-high-to-low-successfully\"","match":{"arguments":[{"val":"\"user-sorting-high-to-low-successfully\"","offset":21}],"location":"Challenge.binar.steps.commonStep.userTakeScreenshot(java.lang.String)"},"keyword":"* "}],"tags":[{"name":"@sorting"},{"name":"@sorting"}]}],"name":"Checkout","description":"","id":"checkout","keyword":"Feature","uri":"file:src/test/java/Challenge/binar/features/sorting.feature","tags":[{"name":"@sorting","type":"Tag","location":{"line":1,"column":1}}]}]