[{"line":2,"elements":[{"start_timestamp":"2023-12-07T15:58:59.389Z","line":5,"name":"As a user, I should be able to log in using correct registered data","description":"","id":"login;as-a-user--i-should-be-able-to-log-in-using-correct-registered-data","type":"scenario","keyword":"Scenario","steps":[{"result":{"duration":466793400,"status":"passed"},"line":6,"name":"user navigate to url \"https://www.saucedemo.com/\"","match":{"arguments":[{"val":"\"https://www.saucedemo.com/\"","offset":21}],"location":"Challenge.binar.steps.commonStep.navigateToUrl(java.lang.String)"},"keyword":"Given "},{"result":{"duration":1047925200,"status":"passed"},"line":7,"name":"user login using \"standard user\"","match":{"arguments":[{"val":"\"standard user\"","offset":17}],"location":"Challenge.binar.steps.loginStep.loginAs(java.lang.String)"},"keyword":"When "},{"result":{"duration":84988900,"status":"passed"},"line":8,"name":"user direct to dashboard screen","match":{"location":"Challenge.binar.steps.loginStep.userDirectToDashboardScreen()"},"keyword":"Then "},{"result":{"duration":286573400,"status":"passed"},"line":9,"name":"user take screenshot \"user-login-successfully\"","match":{"arguments":[{"val":"\"user-login-successfully\"","offset":21}],"location":"Challenge.binar.steps.commonStep.userTakeScreenshot(java.lang.String)"},"keyword":"* "}],"tags":[{"name":"@login"},{"name":"@login"},{"name":"@positive"}]},{"start_timestamp":"2023-12-07T15:59:02.867Z","line":20,"name":"As a user, I should be able to log in using correct registered data","description":"","id":"login;as-a-user--i-should-be-able-to-log-in-using-correct-registered-data;;2","type":"scenario","keyword":"Scenario Outline","steps":[{"result":{"duration":1333273400,"status":"passed"},"line":13,"name":"user navigate to url \"https://www.saucedemo.com/\"","match":{"arguments":[{"val":"\"https://www.saucedemo.com/\"","offset":21}],"location":"Challenge.binar.steps.commonStep.navigateToUrl(java.lang.String)"},"keyword":"Given "},{"result":{"duration":334366500,"status":"passed"},"line":14,"name":"user login using \"locked out user\"","match":{"arguments":[{"val":"\"locked out user\"","offset":17}],"location":"Challenge.binar.steps.loginStep.loginAs(java.lang.String)"},"keyword":"When "},{"result":{"duration":33550200,"status":"passed"},"line":15,"name":"error alert exist with value \"Epic sadface: Sorry, this user has been locked out.\"","match":{"arguments":[{"val":"\"Epic sadface: Sorry, this user has been locked out.\"","offset":29}],"location":"Challenge.binar.steps.loginStep.errorAlertExist(java.lang.String)"},"keyword":"Then "},{"result":{"duration":154849600,"status":"passed"},"line":16,"name":"user take screenshot \"user-login-successfully\"","match":{"arguments":[{"val":"\"user-login-successfully\"","offset":21}],"location":"Challenge.binar.steps.commonStep.userTakeScreenshot(java.lang.String)"},"keyword":"* "}],"tags":[{"name":"@login"},{"name":"@login"}]}],"name":"Login","description":"","id":"login","keyword":"Feature","uri":"file:src/test/java/Challenge/binar/features/login.feature","tags":[{"name":"@login","type":"Tag","location":{"line":1,"column":1}}]}]